{"acc_top1": 0.4036144578313253, "acc_top5": 0.6566265060240963}